{
    "rmse": 0.6880366593852639,
    "mae": 0.5499531937039315,
    "r2": 0.27560795688843764
}