{
    "rmse": 0.7052476007220866,
    "mae": 0.566070392193031,
    "r2": 0.23891397270724035
}